{
  "norm_stats": {
    "query_state": {
      "mean": [
        0.25697946548461914,
        0.02595355734229088,
        1.0431561470031738,
        -0.0426478385925293,
        0.013476686552166939,
        -0.3096001446247101,
        0.5837650299072266,
        0.0
      ],
      "std": [
        0.10205498337745667,
        0.15839022397994995,
        0.20816490054130554,
        2.9517195224761963,
        0.22133542597293854,
        2.1517386436462402,
        0.4929822087287903,
        0.0
      ],
      "q01": [
        0.00421241270378232,
        -0.3223579227924347,
        0.7655265212059021,
        -3.1415693759918213,
        -1.1615741729736329,
        -3.1404838085174562,
        0.0,
        0.0
      ],
      "q99": [
        0.4590226709842682,
        0.37886176705360414,
        1.4717482328414917,
        3.1415459156036376,
        0.47576928138732855,
        3.138626289367676,
        1.0,
        0.0
      ]
    },
    "query_actions": {
      "mean": [
        -0.00035548213054426014,
        0.0002039488754235208,
        -0.003261543344706297,
        -0.0015191077254712582,
        -0.0015172507846727967,
        0.006520797498524189,
        0.5806995630264282
      ],
      "std": [
        0.003383093513548374,
        0.004456308204680681,
        0.00691069895401597,
        0.0306599959731102,
        0.012051013298332691,
        0.041007451713085175,
        0.4934677481651306
      ],
      "q01": [
        -0.009691920876502991,
        -0.012891578674316407,
        -0.017764222621917725,
        -0.04420050904154778,
        -0.04937373995780945,
        -0.05932917520403862,
        0.0
      ],
      "q99": [
        0.010406613349914546,
        0.012046311050653456,
        0.016579353809356687,
        0.03172505125403401,
        0.058616846799850464,
        0.07473539263010025,
        1.0
      ]
    },
    "retrieved_0_state": {
      "mean": [
        0.25697946548461914,
        0.02595355734229088,
        1.0431561470031738,
        -0.0426478385925293,
        0.013476686552166939,
        -0.3096001446247101,
        0.5837650299072266,
        0.0
      ],
      "std": [
        0.10205498337745667,
        0.15839022397994995,
        0.20816490054130554,
        2.9517195224761963,
        0.22133542597293854,
        2.1517386436462402,
        0.4929822087287903,
        0.0
      ],
      "q01": [
        0.00421241270378232,
        -0.3223579227924347,
        0.7655265212059021,
        -3.1415693759918213,
        -1.1615741729736329,
        -3.1404838085174562,
        0.0,
        0.0
      ],
      "q99": [
        0.4590226709842682,
        0.37886176705360414,
        1.4717482328414917,
        3.1415459156036376,
        0.47576928138732855,
        3.138626289367676,
        1.0,
        0.0
      ]
    },
    "retrieved_0_actions": {
      "mean": [
        -0.00035548213054426014,
        0.0002039488754235208,
        -0.003261543344706297,
        -0.0015191077254712582,
        -0.0015172507846727967,
        0.006520797498524189,
        0.5806995630264282
      ],
      "std": [
        0.003383093513548374,
        0.004456308204680681,
        0.00691069895401597,
        0.0306599959731102,
        0.012051013298332691,
        0.041007451713085175,
        0.4934677481651306
      ],
      "q01": [
        -0.009691920876502991,
        -0.012891578674316407,
        -0.017764222621917725,
        -0.04420050904154778,
        -0.04937373995780945,
        -0.05932917520403862,
        0.0
      ],
      "q99": [
        0.010406613349914546,
        0.012046311050653456,
        0.016579353809356687,
        0.03172505125403401,
        0.058616846799850464,
        0.07473539263010025,
        1.0
      ]
    },
    "retrieved_1_state": {
      "mean": [
        0.25697946548461914,
        0.02595355734229088,
        1.0431561470031738,
        -0.0426478385925293,
        0.013476686552166939,
        -0.3096001446247101,
        0.5837650299072266,
        0.0
      ],
      "std": [
        0.10205498337745667,
        0.15839022397994995,
        0.20816490054130554,
        2.9517195224761963,
        0.22133542597293854,
        2.1517386436462402,
        0.4929822087287903,
        0.0
      ],
      "q01": [
        0.00421241270378232,
        -0.3223579227924347,
        0.7655265212059021,
        -3.1415693759918213,
        -1.1615741729736329,
        -3.1404838085174562,
        0.0,
        0.0
      ],
      "q99": [
        0.4590226709842682,
        0.37886176705360414,
        1.4717482328414917,
        3.1415459156036376,
        0.47576928138732855,
        3.138626289367676,
        1.0,
        0.0
      ]
    },
    "retrieved_1_actions": {
      "mean": [
        -0.00035548213054426014,
        0.0002039488754235208,
        -0.003261543344706297,
        -0.0015191077254712582,
        -0.0015172507846727967,
        0.006520797498524189,
        0.5806995630264282
      ],
      "std": [
        0.003383093513548374,
        0.004456308204680681,
        0.00691069895401597,
        0.0306599959731102,
        0.012051013298332691,
        0.041007451713085175,
        0.4934677481651306
      ],
      "q01": [
        -0.009691920876502991,
        -0.012891578674316407,
        -0.017764222621917725,
        -0.04420050904154778,
        -0.04937373995780945,
        -0.05932917520403862,
        0.0
      ],
      "q99": [
        0.010406613349914546,
        0.012046311050653456,
        0.016579353809356687,
        0.03172505125403401,
        0.058616846799850464,
        0.07473539263010025,
        1.0
      ]
    },
    "retrieved_2_state": {
      "mean": [
        0.25697946548461914,
        0.02595355734229088,
        1.0431561470031738,
        -0.0426478385925293,
        0.013476686552166939,
        -0.3096001446247101,
        0.5837650299072266,
        0.0
      ],
      "std": [
        0.10205498337745667,
        0.15839022397994995,
        0.20816490054130554,
        2.9517195224761963,
        0.22133542597293854,
        2.1517386436462402,
        0.4929822087287903,
        0.0
      ],
      "q01": [
        0.00421241270378232,
        -0.3223579227924347,
        0.7655265212059021,
        -3.1415693759918213,
        -1.1615741729736329,
        -3.1404838085174562,
        0.0,
        0.0
      ],
      "q99": [
        0.4590226709842682,
        0.37886176705360414,
        1.4717482328414917,
        3.1415459156036376,
        0.47576928138732855,
        3.138626289367676,
        1.0,
        0.0
      ]
    },
    "retrieved_2_actions": {
      "mean": [
        -0.00035548213054426014,
        0.0002039488754235208,
        -0.003261543344706297,
        -0.0015191077254712582,
        -0.0015172507846727967,
        0.006520797498524189,
        0.5806995630264282
      ],
      "std": [
        0.003383093513548374,
        0.004456308204680681,
        0.00691069895401597,
        0.0306599959731102,
        0.012051013298332691,
        0.041007451713085175,
        0.4934677481651306
      ],
      "q01": [
        -0.009691920876502991,
        -0.012891578674316407,
        -0.017764222621917725,
        -0.04420050904154778,
        -0.04937373995780945,
        -0.05932917520403862,
        0.0
      ],
      "q99": [
        0.010406613349914546,
        0.012046311050653456,
        0.016579353809356687,
        0.03172505125403401,
        0.058616846799850464,
        0.07473539263010025,
        1.0
      ]
    },
    "retrieved_3_state": {
      "mean": [
        0.25697946548461914,
        0.02595355734229088,
        1.0431561470031738,
        -0.0426478385925293,
        0.013476686552166939,
        -0.3096001446247101,
        0.5837650299072266,
        0.0
      ],