{
  "norm_stats": {
    "state": {
      "mean": [
        0.24077853560447693,
        -0.013768457807600498,
        1.1966969966888428,
        -1.033607006072998,
        0.11226822435855865,
        -0.6032692790031433,
        0.6395341157913208,
        0.0
      ],
      "std": [
        0.06057652458548546,
        0.16254329681396484,
        0.1366424411535263,
        2.465902328491211,
        0.17945340275764465,
        2.2334728240966797,
        0.48013564944267273,
        0.0
      ],
      "q01": [
        0.09711344215869903,
        -0.3361797021627426,
        1.0246898515701295,
        -3.141592502593994,
        -0.15954797439575186,
        -3.1415927410125732,
        0.0,
        0.0
      ],
      "q99": [
        0.364897417217493,
        0.3311454116106034,
        1.555895944404602,
        3.1214863105773922,
        0.5703496658325196,
        3.1378228297233584,
        0.9998,
        0.0
      ]
    },
    "actions": {
      "mean": [
        -0.0005169030046090484,
        -0.0004825556534342468,
        -0.00437545171007514,
        -0.00936844851821661,
        -0.00404973141849041,
        0.02215760387480259,
        0.6395354270935059
      ],
      "std": [
        0.004793690983206034,
        0.015090340748429298,
        0.014349468983709812,
        0.057135891169309616,
        0.01950305886566639,
        0.043540384620428085,
        0.4801352620124817
      ],
      "q01": [
        -0.01440241731107235,
        -0.02667292992770672,
        -0.039589795994758606,
        -0.13242141632437704,
        -0.0815748233795166,
        -0.02381974199414255,
        0.0
      ],
      "q99": [
        0.014068812885880466,
        0.03203597097098827,
        0.024123988366127003,
        0.10467124168872832,
        0.05367392680644989,
        0.14366406010389327,
        0.9998
      ]
    }
  }
}